<?xml version="1.0" encoding="utf-8"?>
<extension type="component" version="3.7" method="upgrade">

	<name>COM_VM3DELPICS</name>
	<creationDate>15 June 2017</creationDate>
	<author>borro</author>
	<authorUrl>https://forum.joomla.org/memberlist.php?mode=viewprofile&u=574731</authorUrl>
	<authorEmail>borro@inbox.ru</authorEmail>
	<copyright>Copyright (C) 2017 borro. All rights reserved.</copyright>
	<license>GNU General Public License version 2 or later</license>
	<version>1.0.0</version>
	<description>COM_VM3DELPICS_XML_DESCRIPTION</description>

	<languages folder="site">
		<language tag="ru-RU">language/ru-RU/ru-RU.com_vm3delpics.ini</language>
	</languages>

	<scriptfile>script.php</scriptfile>

	<files folder="site">
		<folder>controllers</folder>
		<folder>helpers</folder>
		<folder>language</folder>
		<folder>models</folder>
		<folder>tables</folder>
		<folder>views</folder>
		
		<filename>controller.php</filename>
		<filename>vm3delpics.php</filename>
		<filename>index.html</filename>
	</files>

	<administration>
		<menu link="option=com_vm3delpics">COM_VM3DELPICS_MENU_NAME</menu>
			<submenu>
				<menu view="dbdelete">COM_VM3DELPICS_MENU_DB_DELETE</menu>
				<menu view="fsdelete">COM_VM3DELPICS_MENU_FS_DELETE</menu>
			</submenu>
		<files folder="admin">
			<folder>controllers</folder>
			<folder>helpers</folder>
			<folder>language</folder>
			<folder>models</folder>
			<folder>tables</folder>
			<folder>views</folder>
			
			<filename>access.xml</filename>
			<filename>config.xml</filename>
			<filename>controller.php</filename>
			<filename>vm3delpics.php</filename>
			<filename>index.html</filename>
		</files>
		
		<languages folder="admin">
			<language tag="ru-RU">language/ru-RU/ru-RU.com_vm3delpics.ini</language>
			<language tag="ru-RU">language/ru-RU/ru-RU.com_vm3delpics.sys.ini</language>
			<language tag="en-GB">language/en-GB/en-GB.com_vm3delpics.ini</language>
			<language tag="en-GB">language/en-GB/en-GB.com_vm3delpics.sys.ini</language>
		</languages>
		
	</administration>
	<updateservers>
		<server type="extension" priority="1" name="Vm3delpics Updates"><![CDATA[https://compojoom.com/index.php?option=com_ars&view=update&task=stream&format=xml&id=12&dummy=extension.xml]]></server>
	</updateservers>
</extension>